<?xml version="1.0" encoding="UTF-8"?>
<Configuration status="WARN">
<Properties>
<Property name="filename">./SwagLabs_Automation_Playwright/Logs</Property>
</Properties>
   <Appenders>
  <Appender type="Console" name="STDOUT" >
   <Layout type="PatternLayout" pattern="%d{HH:mm:ss.SSS} [%t] %-5level %logger{36} - %msg%n"/>
  
    </Appender>
    <Appender type="File" name="File" fileName="${filename}">
      <Layout type="PatternLayout" pattern="%d{HH:mm:ss.SSS} [%t] %-5level %logger{36} - %msg%n"/>
      
    </Appender>
  </Appenders>
  <Loggers>
    <Root level="info">
      <AppenderRef ref="file"/>
    </Root>
  </Loggers>
</Configuration>